{
  "pairs_total": 25,
  "pairs_detected": 25,
  "pairs_rejected": 0,
  "pairs_used": 25,
  "image_size": {
    "width": 1280,
    "height": 720
  },
  "board": {
    "type": "chessboard",
    "cols": 8,
    "rows": 5,
    "square_mm": 28.0
  },
  "focal_left_px": 1090.0380708767498,
  "focal_right_px": 1104.8755028919757,
  "baseline_m": 0.06724992147007254,
  "baseline_mm": 67.24992147007254,
  "reproj_error_left": 0.14404484401175377,
  "reproj_error_right": 0.18169714637626766,
  "reproj_error_stereo": 0.25361808844200534,
  "quality": "excellent",
  "output": "calib_data/stereo_calib.npz"
}